כתובת אתר,נסרק לאחרונה
https://nalla.co.il/product/alma,2026-01-03
https://nalla.co.il/product/שידת-צד-מיטה-דגם-״melanie״-מלאי-מבצע,2026-01-03
https://nalla.co.il/product/קומודה-דגם-״london״,2026-01-03
https://nalla.co.il/product/מזנון-דגם-״leonardo״-מלאי-מבצע,2026-01-03
https://nalla.co.il/product/ספה-פינתית-דגם-peter-שזלונג-פינתי,2026-01-02
https://nalla.co.il/product/פינת-אוכל-דגם-״hamburg״-מלאי-מבצע,2026-01-02
https://nalla.co.il/product/שולחן-סלון-דגם-״aria״-מלאי-מבצע-2,2026-01-01
https://nalla.co.il/product/navy-03,2026-01-01
https://nalla.co.il/product/long-04,2025-12-31
https://nalla.co.il/product/פינת-אוכל-נפתחת-דגם-״merllo״-מלאי-מבצע,2025-12-31
https://nalla.co.il/product-tag/שידה-צפה,2025-12-30
https://nalla.co.il/product/nature-02,2025-12-30
https://nalla.co.il/product/מראה-מלבנית-דגם-״mia,2025-12-30
https://nalla.co.il/product/קומודה-דגם-״alin״-מלאי-מבצע,2025-12-30
https://nalla.co.il/product/shapes-01,2025-12-29
https://nalla.co.il/product/פינת-אוכל-דגם-״hamburg״-מלאי-מבצע/?nocache=1764792842,2025-12-29
https://nalla.co.il/product/פינת-אוכל-דגם-״hamburg״-מלאי-מבצע/?nocache=1764788146,2025-12-29
https://nalla.co.il/product/green-leaves-03,2025-12-28
https://nalla.co.il/product/מיטה-זוגית-מרופדת-דגם-״fox״-מלאי-מבצע,2025-12-28
https://nalla.co.il/product/מזנון-דגם-״lina״-העתק,2025-12-28
https://nalla.co.il/product/goldblack-03,2025-12-28
https://nalla.co.il/product/שולחן-דגם-״nova״-מלאי-מבצע,2025-12-25
https://nalla.co.il/product/nev-01,2025-12-25
https://nalla.co.il/product/זוג-שולחות-סלון-עגולים-דגם-״merllo״-העתק,2025-12-24
https://nalla.co.il/product/קומודה-מותאמת-אישית,2025-12-24
https://nalla.co.il/product/מראה-מלבנית-דגם-״liya״-העתק,2025-12-24
https://nalla.co.il/product/shapes-02,2025-12-24
https://nalla.co.il/collaboration/טיוטה-אוטומטית-51,2025-12-23
https://nalla.co.il/product/שטיח-דגם-aladin-מלאי-מבצע,2025-12-23
https://nalla.co.il/product/פינת-אוכל-נפתחת-דגם-״merllo״,2025-12-23
https://nalla.co.il/product/שידת-צד-מיטה-צפה-דגם-״sky״-מלאי,2025-12-22
https://nalla.co.il/erp-subscription,2025-12-22
https://nalla.co.il/product/מזנון-padani,2025-12-22
https://nalla.co.il/product/ספרייה-דגם-״amenda״-מלאי-מבצע,2025-12-22
https://nalla.co.il/collaboration/טיוטה-אוטומטית-52,2025-12-22
https://nalla.co.il/product/קונסולה-דגם-״rene״-מלאי-מבצע-2,2025-12-21
https://nalla.co.il/product/פינת-אוכל-דגם-״hamburg״-מלאי-מבצע/,2025-12-21
https://nalla.co.il/product/פינת-אוכל-דגם-״merllo״-בצבע-פורניר-אלון-שחו,2025-12-21
https://nalla.co.il/product/shapes-03,2025-12-21
https://nalla.co.il/product/gold-01-העתק,2025-12-20
https://nalla.co.il/product/קונסולה-דגם-״paris״-מלאי-מבצע-2,2025-12-20
https://nalla.co.il/product/פינת-אוכל-דגם-״hamburg״-מלאי-מבצע/?nocache=1764794571,2025-12-19
https://nalla.co.il/product/מראה-מלבנית-דגם-״-amber״,2025-12-19
https://nalla.co.il/product/מזנון-דגם-״ana״-מלאי-מבצע,2025-12-19
https://nalla.co.il/product/מראה-דגם-yuli,2025-12-18
https://nalla.co.il/product/שולחן-סלון-דגם-״nordo״-מלאי-מבצע-אלון-טבעי,2025-12-18
https://nalla.co.il/product/chicago,2025-12-16
https://nalla.co.il/collaboration/טיוטה-אוטומטית-50,2025-12-15
https://nalla.co.il/product/long-02,2025-12-15
https://nalla.co.il/product/מזנון-צף-דגם-״venice״-מלאי-מבצע-4,2025-12-15
https://nalla.co.il/product/toyota,2025-12-11
https://nalla.co.il/product/מיטה-זוגית-מרופדת-דגם-״fox״-2,2025-12-11
https://nalla.co.il/product/nev-02,2025-12-10
https://nalla.co.il/product/קונסולה-דגם-״noa״-מלאי,2025-12-09
https://nalla.co.il/product/שידת-צד-מיטה-דגם-״-kloy״,2025-12-09
https://nalla.co.il/product/שולחן-סלון-דגם-״nordo״-מלאי-מבצע-2,2025-12-09
https://nalla.co.il/product/מראה-אובלית-דגם-״kim״,2025-12-08
https://nalla.co.il/product/מזנון-דגם-״marlin״-מלאי-מבצע,2025-12-08
https://nalla.co.il/product/goldblack-04,2025-12-07
https://nalla.co.il/product/קומודה-דגם-״liz״,2025-12-07
https://nalla.co.il/product/tik,2025-12-07
https://nalla.co.il/collaboration/טיוטה-אוטומטית-48,2025-12-06
https://nalla.co.il/product/שולחן-סלון-דגם-״aria״-מלאי-מבצע,2025-12-06
https://nalla.co.il/product/מזנון-דגם-״kampela״-מלאי-מבצע,2025-12-06
https://nalla.co.il/wp-content/uploads/*,2025-12-06
https://nalla.co.il/product/שידת-צד-מיטה-דגם-״london״-אלון-שחור-מלאי-מבצ,2025-12-05
https://nalla.co.il/product/green-leaves-01,2025-12-05
https://nalla.co.il/product/gold-03,2025-12-05
https://nalla.co.il/product/lima,2025-12-05
https://nalla.co.il/product/מראה-דגם-lavi,2025-12-05
https://nalla.co.il/wp-content/themes/Nalla/*,2025-12-05
https://nalla.co.il/product/קומודה-דגם-״nalla״-מלאי,2025-12-05
https://nalla.co.il/collaboration/טיוטה-אוטומטית-49,2025-12-05
https://nalla.co.il/wp-content/themes/hello-elementor/*,2025-12-05
https://nalla.co.il/wp-content/*,2025-12-05
https://nalla.co.il/product/ספרייה-מותאמת-אישית,2025-12-04
https://nalla.co.il/wp-json/pys-tiktok/v1/event,2025-12-04
https://nalla.co.il/home-05/,2025-12-04
https://nalla.co.il/product/nature-03,2025-12-04
https://nalla.co.il/product/bubbles,2025-12-03
https://nalla.co.il/wp-json/pys-facebook/v1/event,2025-12-03
https://nalla.co.il/wp-*.php,2025-12-03
https://nalla.co.il/filter/,2025-12-03
https://nalla.co.il/pa_,2025-12-03
https://nalla.co.il/product/שידת-צד-מיטה-דגם-״rif״-מלאי-מבצע,2025-12-03
https://nalla.co.il/*,2025-12-03
https://nalla.co.il/wp-content/plugins/*,2025-12-03
https://nalla.co.il/product/nev-03,2025-12-03
https://nalla.co.il/product/gold-01,2025-12-03
https://nalla.co.il/product/מזנון-דגם-״flex״-מלאי-מבצע,2025-12-03
https://nalla.co.il/product/מזנון-דגם-״henry״-מלאי-מבצע,2025-12-03
https://nalla.co.il/collaboration/טיוטה-אוטומטית-53,2025-12-02
https://nalla.co.il/recently-viewed-products,2025-12-01
https://nalla.co.il/product/שידת-צד-מיטה-דגם-״hasky״-מלאי-מבצע,2025-12-01
https://nalla.co.il/product-tag/שולחן-סלון-זכוכית,2025-12-01
https://nalla.co.il/product/מזנון-דגם-״max״-מלאי-מבצע,2025-11-30
https://nalla.co.il/?page_id=33862,2025-11-30
https://nalla.co.il/product-tag/שולחנות-סלון-עגולים,2025-11-30
https://nalla.co.il/product/פינת-אוכל-נפתחת-דגם-״alaska״-מלאי-מבצע,2025-11-29
https://nalla.co.il/product/willow-2,2025-11-29
https://nalla.co.il/product/שידת-צד-מיטה-דגם-״london״-מלאי-מבצע,2025-11-29
https://nalla.co.il/product/שידת-צד-מיטה-דגם-״nalla״-אלון-שחור,2025-11-28
https://nalla.co.il/product/bangkok,2025-11-28
https://nalla.co.il/product/מזנון-דגם-״beri״-מלאי-מבצע,2025-11-28
https://nalla.co.il/product/שולחן-סלון-דגם-״melissa״-מלאי-מבצע,2025-11-27
https://nalla.co.il/$,2025-11-27
https://nalla.co.il/product/קונסולה-דגם-״kylie״-מלאי-מבצע,2025-11-27
https://nalla.co.il/product/book,2025-11-26
https://nalla.co.il/product/מראה-מלבנית-דגם-״mykonos,2025-11-26
https://nalla.co.il/product/קומודה-דגם-״-manhattan״-בהתאמה-מהמלאי,2025-11-26
https://nalla.co.il/product/שידת-צד-מיטה-צפה-דגם-״sky״-מלאי-מבצע-2,2025-11-26
https://nalla.co.il/product/shapes-04,2025-11-25
https://nalla.co.il/product/long-01?gad_source=1&gclid=Cj0KCQjw8--2BhCHARIsAF_w1gy6oK294M4ibl9oBOXE6hM-y3Qq0A0PNAlTcxzEevDMLqCNriyYiagaAoYFEALw_wcB,2025-11-25
https://nalla.co.il/product/nev-04,2025-11-23
https://nalla.co.il/product/nature-04,2025-11-23
https://nalla.co.il/product/מזנון-דגם-״rayne״ב,2025-11-23
https://nalla.co.il/product/מזנון-לסלון-דגם-״new-york״,2025-11-22
https://nalla.co.il/product/gold,2025-11-21
https://nalla.co.il/product/מיטה-זוגית-מעץ-מלא-דגם-״oli״,2025-11-19
https://nalla.co.il/product/goldblack-01,2025-11-19
https://nalla.co.il/product/שידת-צד-מיטה-צפה-דגם-״merllo״,2025-11-19
https://nalla.co.il/product/טורונטו,2025-11-18
https://nalla.co.il/product/קונסולה-דגם-״ברוקלין״-מלאי-מבצע,2025-11-18
https://nalla.co.il/product/קומודה-דגם-״london״-מלאי-מבצע,2025-11-18
https://nalla.co.il/product/navy-01,2025-11-18
https://nalla.co.il/?post_type=product&p=52949,2025-11-16
https://nalla.co.il/product/מזנון-דגם-״koral״-מלאי-מבצע,2025-11-16
https://nalla.co.il/product/מזנון-דגם-״tai״-בהתאמה-מהמלאי,2025-11-16
https://nalla.co.il/product/שולחן-בר-טרוונטין-דגם-״orlando״-מלאי-מבצע,2025-11-14
https://nalla.co.il/?post_type=product&p=52199,2025-11-13
https://nalla.co.il/designer-dashboard,2025-11-12
https://nalla.co.il/product/long-01,2025-11-12
https://nalla.co.il/?post_type=product&p=28991,2025-11-12
https://nalla.co.il/?post_type=product&p=31417,2025-11-12
https://nalla.co.il/?post_type=product&p=42804,2025-11-12
https://nalla.co.il/?post_type=product&p=42697,2025-11-12
https://nalla.co.il/?post_type=product&p=32203,2025-11-12
https://nalla.co.il/?post_type=product&p=36687,2025-11-12
https://nalla.co.il/product/מזנון-דגם-״lina״-מלאי-מבצע,2025-11-10
https://nalla.co.il/shop/feed/,2025-11-10
https://nalla.co.il/product/שידת-צד-מיטה-דגם-״night״-סייל-מיוחד-27-31-7,2025-11-10
https://nalla.co.il/product/שידת-צד-מיטה-צפה-דגם-״sky״-מלאי-מבצע-2?add-to-cart=37790,2025-11-09
https://nalla.co.il/product/שידת-צד-מיטה-צפה-דגם-״sky״-מלאי-מבצע?add-to-cart=36180,2025-11-09
https://nalla.co.il/product/שידת-צד-מיטה-צפה-דגם-״sky״-מלאי?add-to-cart=35317,2025-11-09
https://nalla.co.il/product/שידת-צד-מיטה-צפה-דגם-״sky״-מלאי?add-to-cart=37754,2025-11-09
https://nalla.co.il/product/קומודה-דגם-״nalla״-מלאי-מבצע,2025-11-08
https://nalla.co.il/product/קונסולה-דגם-״kylie״-מלאי-מבצע?add-to-cart=35330,2025-11-08
https://nalla.co.il/product/קומודה-דגם-״atlantic״-מלאי-מבצע,2025-11-07
https://nalla.co.il/product/שידת-צד-מיטה-צפה-דגם-״sky״-מלאי-מבצע,2025-11-07
https://nalla.co.il/product/מראה-עגולה-דגם-״wood״-סייל-מיוחד-27-31-7,2025-11-05
https://nalla.co.il/product/מזנון-דגם-״lina״-מלאי-מבצע?add-to-cart=32151,2025-10-28
https://nalla.co.il/home-03/,2025-10-27
https://nalla.co.il/product/קומודה-דגם-״alin״-מלאי-מבצע?add-to-cart=44067,2025-10-27
https://nalla.co.il/product/שולחן-בר-טרוונטין-דגם-״orlando״-מלאי-מבצע?add-to-cart=42573,2025-10-26
https://nalla.co.il/product/מזנון-דגם-״lina״-מלאי-מבצע?add-to-cart=37396,2025-10-26
https://nalla.co.il/product/מזנון-דגם-״lina״-מלאי-מבצע?add-to-cart=44067,2025-10-25
https://nalla.co.il/product/קומודה-דגם-״nalla״-מלאי-מבצע?add-to-cart=35330,2025-10-23
https://nalla.co.il/product/מזנון-דגם-״kampela״-סייל-מיוחד-27-31-7,2025-10-19
https://nalla.co.il/product/שטיח-דגם-peace-מלאי-מבצע,2025-10-13
https://nalla.co.il/product-category,2025-10-13
https://nalla.co.il/product/כיסא-לפינת-אוכל-דגם-״classic״-אבן,2025-10-09
https://nalla.co.il/product/שולחן-דגם-״iron״-מלאי?add-to-cart=37314,2025-10-08
https://nalla.co.il/product/mayo-2,2025-10-01
https://nalla.co.il/product/קומודה-דגם-״mykonos״-מלאי-מבצע,2025-10-01
https://nalla.co.il/product/קונסולה-דגם-״paris״-מלאי-מבצע-העתק,2025-09-25
https://nalla.co.il/product/כיסא-לפינת-אוכל-דגם-״classic״-אבן?add-to-cart=39292,2025-09-24
https://nalla.co.il/product/כיסא-לפינת-אוכל-דגם-״classic״-אבן?add-to-cart=38250,2025-09-24
https://nalla.co.il/product/שטיח-דגם-peace-מלאי-מבצע?add-to-cart=35330,2025-09-24
https://nalla.co.il/product/שטיח-דגם-peace-מלאי-מבצע?add-to-cart=39292,2025-09-24
https://nalla.co.il/product/כיסא-לפינת-אוכל-דגם-״classic״-אבן?add-to-cart=36618,2025-09-23
https://nalla.co.il/product/rox,2025-09-23
https://nalla.co.il/product/כיסא-לפינת-אוכל-דגם-״classic״-אבן?add-to-cart=36300,2025-09-22
https://nalla.co.il/product/שולחן-עגול-״ring״,2025-09-21
https://nalla.co.il/product/כיסא-לפינת-אוכל-דגם-״classic״-אבן?add-to-cart=40117,2025-09-19
https://nalla.co.il/product/שידת-צד-מיטה-דגם-״lisbon״-מלאי-מבצע,2025-09-17
https://nalla.co.il/product/מראה-דגם-lavi-סייל-מיוחד-27-31-7,2025-09-17
https://nalla.co.il/product/שולחן-דגם-״iron״-מלאי,2025-09-13
https://nalla.co.il/cdn-cgi/l/email-protection,2025-09-13
https://nalla.co.il/product/קונסולה-דגם-״paris״-סייל-מיוחד-27-31-7,2025-09-11
https://nalla.co.il/product/rose,2025-09-06
https://nalla.co.il/product/שידת-צד-מיטה-דגם-״lisbon״-מלאי-מבצע?add-to-cart=41557,2025-09-06
https://nalla.co.il/product/מזנון-דגם-״marlin״-מלאי-במבצע,2025-09-04
https://nalla.co.il/product/כורסא-דגם-algo-סייל-מיוחד-27-31-7,2025-09-01
https://nalla.co.il/product/קומודה-דגם-״nalla״-סייל-מיוחד-27-31-7,2025-09-01
https://nalla.co.il/product/קומודה-דגם-״ema״-סייל-מיוחד-27-31-7,2025-09-01
https://nalla.co.il/product/מזנון-צף-דגם-״victoria״-סייל-מיוחד-27-31-7,2025-08-31
https://nalla.co.il/product/שידת-צד-מיטה-דגם-״rif״-מלאי-מבצע-2,2025-08-31
https://nalla.co.il/product/מראה-מלבנית-דגם-״flow״-סייל-מיוחד-27-31-7,2025-08-31
https://nalla.co.il/product/קומודה-דגם-״london״-סייל-מיוחד-27-31-7,2025-08-31
https://nalla.co.il/product/שולחן-דגם-״iron״-מלאי?add-to-cart=35330,2025-08-31
https://nalla.co.il/product/מראה-דגם-״bliss״-סייל-מיוחד-27-31-3,2025-08-31
https://nalla.co.il/product/שידת-צד-מיטה-דגם-״lisbon״-מלאי-מבצע?add-to-cart=32151,2025-08-31
https://nalla.co.il/product/שידת-צד-מיטה-דגם-״rif״-סייל-מיוחד-27-31-7,2025-08-31
https://nalla.co.il/product-category/new-2023,2025-08-30
https://nalla.co.il/product/שטיח-דגם-x,2025-08-29
https://nalla.co.il/product/שולחן-דגם-״iron״-מלאי?add-to-cart=38250,2025-08-29
https://nalla.co.il/product/שידת-צד-מיטה-דגם-״nalla״-סייל-מיוחד-27-31-7,2025-08-29
https://nalla.co.il/product/מזנון-צף-דגם-״venice״-סייל-מיוחד-27-31-7,2025-08-29
https://nalla.co.il/product/קומודה-דגם-״alin״-סייל-מיוחד-27-31-7,2025-08-28
https://nalla.co.il/product/קונסולה-דגם-״lori״-סייל-מיוחד-27-31-7,2025-08-28
https://nalla.co.il/product/שולחן-דגם-״iron״-מלאי?add-to-cart=19929,2025-08-27
https://nalla.co.il/product/שידת-צד-מיטה-דגם-״melanie״-סייל-מיוחד-27-31-7,2025-08-27
https://nalla.co.il/product/שולחן-דגם-״iron״-מלאי?add-to-cart=42521,2025-08-26
https://nalla.co.il/product/מזנון-לסלון-דגם-״napoli״-סייל-מיוחד-27-31-7,2025-08-25
https://nalla.co.il/product/ספרייה-משולבת-אמנדה-ג׳נבה-מלאי-מבצע,2025-08-25
https://nalla.co.il/product/שולחן-דגם-״iron״-מלאי?add-to-cart=38175,2025-08-25
https://nalla.co.il/product/שולחן-דגם-״iron״-מלאי?add-to-cart=32151,2025-08-25
https://nalla.co.il/product/שידה-דגם-״ליינס״,2025-08-23
https://nalla.co.il/product-tag/tag-outdoor,2025-08-22
https://nalla.co.il/product/קומודה-דגם-״london״-סייל-מיוחד-27-31-7?add-to-cart=41506,2025-08-22
https://nalla.co.il/product/שידת-צד-מיטה-דגם-״kampela״-סייל-מיוחד-27-31-7,2025-08-22
https://nalla.co.il/product/שולחן-סלון-דגם-״aria״-סייל-מיוחד-27-31-7,2025-08-21
https://nalla.co.il/product/קונסולה-דגם-״מיקה״-סייל-מיוחד-27-31-7,2025-08-21
https://nalla.co.il/product/שולחן-סלון-דגם-״nordo״-סייל-מיוחד-27-31-7,2025-08-21
https://nalla.co.il/product/שידת-צד-מיטה-דגם-״hasky״-סייל-מיוחד-27-31-7,2025-08-21
https://nalla.co.il/product/שולחן-סלון-דגם-״leo״-סייל-מיוחד-27-31-7,2025-08-21
https://nalla.co.il/product/kaya,2025-08-19
https://nalla.co.il/product-category/nolla-sale,2025-08-18
https://nalla.co.il/product/זוג-תמונות-kaya-02,2025-08-18
https://nalla.co.il/product/שולחן-סלון-עגול-דגם-״ring״-מלאי-במבצע,2025-08-18
https://nalla.co.il/product/שידת-צד-מיטה-דגם-״queen״-מלאי-מבצע,2025-08-17
https://nalla.co.il/product/goldblack-02,2025-08-17
https://nalla.co.il/404-page/,2025-08-15
https://nalla.co.il/product/קונסולה-דגם-״קווין״-מלאי,2025-08-12
https://nalla.co.il/product/celia,2025-08-12
https://nalla.co.il/product/פינת-אוכל-דגם-״merllo״-בצבע-פורניר-אלון-שחו?add-to-cart=38175,2025-08-10
https://nalla.co.il/product/קומודה-דגם-״alin״-סייל-מיוחד-27-31-7?add-to-cart=41526,2025-08-09
https://nalla.co.il/product/פינת-אוכל-דגם-״merllo״-בצבע-פורניר-אלון-שחו?add-to-cart=40160,2025-08-09
https://nalla.co.il/product/שידת-צד-מיטה-דגם-״elizabeth״-מלאי-מבצע,2025-08-07
https://nalla.co.il/product/פינת-אוכל-דגם-״merllo״-בצבע-פורניר-אלון-שחו?add-to-cart=38250,2025-08-06
https://nalla.co.il/product/loren,2025-08-06
https://nalla.co.il/product-tag/tag-lighting,2025-08-06
https://nalla.co.il/product/שידת-צד-מיטה-דגם-״elizabeth״-מלאי-מבצע?add-to-cart=40117,2025-08-06
https://nalla.co.il/product/פינת-אוכל-דגם-״merllo״-בצבע-פורניר-אלון-שחו?add-to-cart=42521,2025-08-05
https://nalla.co.il/product/פינת-אוכל-דגם-״merllo״-בצבע-פורניר-אלון-שחו?add-to-cart=37396,2025-08-04
https://nalla.co.il/product-category/שולחנות-משרד,2025-08-04
https://nalla.co.il/product/מזנון-דגם-״ניס״,2025-08-03
https://nalla.co.il/product-tag/tag-bedroom,2025-08-03
https://nalla.co.il/product/פינת-אוכל-דגם-״merllo״-בצבע-פורניר-אלון-שחו?add-to-cart=40915,2025-08-03
https://nalla.co.il/product/מזנון-דגם-״ana״-מלאי-מבצע-3,2025-08-02
https://nalla.co.il/product/מזנון-דגם-״koral״-מלאי-מבצע?add-to-cart=38250,2025-08-02
https://nalla.co.il/product/שידת-צד-מיטה-דגם-״nalla״-מלאי-מבצע-3,2025-08-02
https://nalla.co.il/product/nature-03?add-to-cart=20000,2025-08-01
https://nalla.co.il/product/שידת-צד-מיטה-דגם-״elizabeth״-מלאי-מבצע?add-to-cart=40915,2025-08-01
https://nalla.co.il/product/מזנון-דגם-״rayne״ב?add-to-cart=19929,2025-08-01
https://nalla.co.il/product/שידת-צד-מיטה-דגם-״elizabeth״-מלאי-מבצע?add-to-cart=40913,2025-07-31
https://nalla.co.il/product/kaya?add-to-cart=32151,2025-07-31
https://nalla.co.il/ts_portfolio_cat/portfolio-chairs,2025-07-30
https://nalla.co.il/product/שטיח-דגם-y,2025-07-28
https://nalla.co.il/product/שידת-צד-מיטה-דגם-״elizabeth״-מלאי-מבצע?add-to-cart=37697,2025-07-27
https://nalla.co.il/product/שידת-צד-מיטה-דגם-״elizabeth״-מלאי-מבצע?add-to-cart=37754,2025-07-27
https://nalla.co.il/tag/photography,2025-07-27
https://nalla.co.il/product/שידת-צד-מיטה-דגם-״elizabeth״-מלאי-מבצע?add-to-cart=37862,2025-07-25
https://nalla.co.il/product/קונסולה-דגם-״קווין״-מלאי?add-to-cart=36642,2025-07-24
https://nalla.co.il/product/שולחן-סלון-דגם-״nordo״-מלאי-מבצע-אלון-טבעי?add-to-cart=38250,2025-07-23
https://nalla.co.il/product/מזנון-דגם-״ana״-מלאי-מבצע-3?add-to-cart=36223,2025-07-22
https://nalla.co.il/product/מזנון-דגם-״idan״,2025-07-22
https://nalla.co.il/product/מזנון-דגם-״lina״-מלאי-מבצע-העתק?add-to-cart=37697,2025-07-21
https://nalla.co.il/tag/web-design,2025-07-21
https://nalla.co.il/product/מזנון-לסלון-דגם-״geneva״-מלאי-מבצע,2025-07-21
https://nalla.co.il/product/מיטה-זוגית-דגם-״chelsea״-מלאי,2025-07-20
https://nalla.co.il/product/שידת-צד-מיטה-דגם-״london״-מלאי-מבצע?add-to-cart=19929,2025-07-20
https://nalla.co.il/product-category/offices/,2025-07-20
https://nalla.co.il/product/קונסולה-דגם-״קווין״-מלאי?add-to-cart=19929,2025-07-19
https://nalla.co.il/product/קונסולה-דגם-״sydney״-מלאי-מבצע?add-to-cart=36131,2025-07-19
https://nalla.co.il/product/שולחן-דגם-״nova״-מלאי-מבצע?add-to-cart=33538,2025-07-19
https://nalla.co.il/product/מזנון-דגם-״rayne״ב?add-to-cart=32151,2025-07-19
https://nalla.co.il/product/celia?add-to-cart=41391,2025-07-19
https://nalla.co.il/product/ספה-3-מטר/feed,2025-07-19
https://nalla.co.il/product/קומודה-דגם-״alin״-מלאי-מבצע?add-to-cart=19929,2025-07-18
https://nalla.co.il/product/קונסולה-דגם-״קווין״-מלאי?add-to-cart=37754,2025-07-18
https://nalla.co.il/product/celia/feed,2025-07-18
https://nalla.co.il/customer-files/,2025-07-17
https://nalla.co.il/product/מזנון-דגם-״lina״-מלאי-מבצע-העתק?add-to-cart=32151,2025-07-17
https://nalla.co.il/product/שידת-צד-מיטה-דגם-״elizabeth״-מלאי-מבצע?add-to-cart=19929,2025-07-17
https://nalla.co.il/product/מזנון-דגם-״ana״-מלאי-מבצע-3?add-to-cart=32151,2025-07-16
https://nalla.co.il/product/navy-02?add-to-cart=20000,2025-07-16
https://nalla.co.il/product/קונסולה-דגם-״ברוקלין״-מלאי-מבצע?add-to-cart=32151,2025-07-16
https://nalla.co.il/product-category/new-2023/feed,2025-07-16
https://nalla.co.il/ts_portfolio_cat/portfolio-decor,2025-07-15
https://nalla.co.il/product/מיטה-זוגית-דגם-״chelsea״-מלאי?add-to-cart=36642,2025-07-15
https://nalla.co.il/product/מזנון-צף-דגם-״toronto״-מלאי-במבצע,2025-07-14
https://nalla.co.il/product/קונסולה-דגם-״קווין״-מלאי?add-to-cart=36131,2025-07-14
https://nalla.co.il/product/nev-03?add-to-cart=20264,2025-07-13
https://nalla.co.il/product/קונסולה-דגם-״noa״-מלאי?add-to-cart=37754,2025-07-13
https://nalla.co.il/product/שידת-צד-מיטה-דגם-״london״-אלון-שחור-מלאי-מבצ?add-to-cart=19929,2025-07-13
https://nalla.co.il/product/קונסולה-דגם-״lori״-מלאי?add-to-cart=36618,2025-07-12
https://nalla.co.il/product/מזנון-דגם-״lina״-מלאי-מבצע-העתק,2025-07-11
https://nalla.co.il/product/קומודה-דגם-״-manhattan״-מלאי-מבצע,2025-07-10
https://nalla.co.il/product/קומודה-דגם-״alin״-מלאי-מבצע?add-to-cart=37754,2025-07-10
https://nalla.co.il/product/ספרייה-דגם-״geneva״-מלאי-מבצע,2025-07-10
https://nalla.co.il/product/מזנון-דגם-״ana״-מלאי-מבצע-4,2025-07-08
https://nalla.co.il/product/שולחן-סלון-דגם-״nordo״-מלאי-מבצע-אגוז-אמריק,2025-07-07